X_min,X_max,Y_min,Y_max,W,H
14.8560009,101.856003,4.94399977,121.104004,348,464
